D00217,CC(=O)Nc1ccc(O)cc1
D00216,C[C@H]1O[C@H](O[C@H]2[C@H](O)[C@@H](O)[C@@H](O[C@H]3[C@H](O)[C@@H](O)[C@H](O)O[C@@H]3CO)O[C@@H]2CO)[C@H](O)[C@@H](O)[C@@H]1N[C@H]4C=C(CO)[C@@H](O)[C@H](O)[C@H]4O
D00198,CO[C@H]1[C@@H](C[C@@H]2CN3CCc4c([nH]c5cc(OC)ccc45)[C@H]3C[C@@H]2[C@@H]1C(=O)OC)OC(=O)\C=C\c6cc(OC)c(OC)c(OC)c6
D00196,CNC(=O)Oc1ccc2N(C)[C@H]3N(C)CC[C@@]3(C)c2c1
D00219,CC(=O)c1ccc(cc1)S(=O)(=O)NC(=O)NC2CCCCC2
D00218,CC(=O)Nc1nnc(s1)S(=O)(=O)N
D04025,FC(F)(F)c1ccc(\C=C\c2occ(COc3ccc(CCCCn4ccnn4)cc3)n2)cc1
D00359,CCC(C)C(=O)O[C@H]1C[C@@H](C)C=C2C=C[C@H](C)[C@H](CC[C@@H]3C[C@@H](O)CC(=O)O3)[C@@H]12
D01180,C[C@]12CC[C@H]3[C@@H](CC[C@@]45O[C@@H]4C(=C(C[C@]35C)C#N)O)[C@@H]1CC[C@@H]2O
D01228,[Br-].[Br-].CN(CCCCCCN(C)C(=O)Oc1ccc[n+](C)c1)C(=O)Oc2ccc[n+](C)c2
D01183,Cc1c(Cl)cccc1Nc2ccccc2C(=O)O
D03252,COc1cc(Nc2c(cnc3cc(OCCCN4CCN(C)CC4)c(OC)cc23)C#N)c(Cl)cc1Cl
D02655,Cl.CCOC(=O)c1cnc2c(cnn2CC)c1NN=C(C)C
D01223,CCCCCOC(=O)NC1=NC(=O)N(C=C1F)[C@@H]2O[C@H](C)[C@@H](O)[C@H]2O
D00994,[Cl-].CC[N+](C)(C)c1cccc(O)c1
D00995,[Br-].CN(C)C(=O)Oc1cccc(c1)[N+](C)(C)C
D01918,O.O.O.O.[Na+].CC(C)(C)C(=O)Oc1ccc(cc1)S(=O)(=O)Nc2ccccc2C(=O)NCC(=O)[O-]
D01915,[Ca+2].CC(C)c1nc(nc(c1\C=C\[C@@H](O)C[C@@H](O)CC(=O)[O-])c2ccc(F)cc2)N(C)S(=O)(=O)C.CC(C)c3nc(nc(c3\C=C\[C@@H](O)C[C@@H](O)CC(=O)[O-])c4ccc(F)cc4)N(C)S(=O)(=O)C
D00584,FC1=CNC(=O)NC1=O
D00998,COS(=O)(=O)[O-].CN(C)C(=O)Oc1cccc(c1)[N+](C)(C)C
D01911,Cl.CC[C@@]1(O)C[C@H](O[C@H]2C[C@@H]([C@H](O[C@H]3C[C@H](O)[C@H](O[C@H]4CCC(=O)[C@H](C)O4)[C@H](C)O3)[C@H](C)O2)N(C)C)c5c(O)c6C(=O)c7c(O)cccc7C(=O)c6cc5[C@H]1C(=O)OC
D02375,CN(C\C=C\C#CC(C)(C)C)Cc1cccc2ccccc12
D00667,[Br-].[Br-].CN(CCCCCCCCCCN(C)C(=O)Oc1cccc(c1)[N+](C)(C)C)C(=O)Oc2cccc(c2)[N+](C)(C)C
D00103,O[C@H]([C@@H](O)C(=O)O)C(=O)O
D00452,CC(C(=O)O)c1ccc(cc1)C(=O)c2cccs2
D00455,COc1ccc2[nH]c(nc2c1)[S+]([O-])Cc3ncc(C)c(OC)c3C
D00454,CN1CCN(CC1)C2=Nc3ccccc3Nc4sc(C)cc24
D00459,Cl.CCOC(=O)[C@H](CCc1ccccc1)N[C@@H](C)C(=O)N2Cc3ccccc3C[C@H]2C(=O)O
D00109,CC(=O)Oc1ccccc1C(=O)O
D00518,NS(=O)(=O)c1cc(Cl)c(Cl)c(c1)S(=O)(=O)N
D00519,NS(=O)(=O)c1cc2c(cc1Cl)N=CNS2(=O)=O
D00691,CN1C(=O)N(C)c2ncn(CC(O)CO)c2C1=O
D01825,CC1(C)O[C@@H]2CC3C4C[C@H](F)C5=CC(=O)C=CC5(C)[C@@]4(F)C(O)CC3(C)C2(O1)C(=O)CO
D00510,CCCCC1C(=O)N(N(C1=O)c2ccccc2)c3ccccc3
D02579,CC(C)NNC(=O)c1ccncc1
D00512,OC1=NC(=O)C(N1)(c2ccccc2)c3ccccc3
D01828,CC(C)c1ccc2Oc3nc(N)c(cc3C(=O)c2c1)C(=O)O
D00515,[O-][N+](=O)OCC(CO[N+](=O)[O-])O[N+](=O)[O-]
D00516,[O-][N+](=O)O[C@H]1CO[C@@H]2[C@@H](CO[C@H]12)O[N+](=O)[O-]
D00487,[Br-].CN(C)C(=O)Oc1ccc[n+](C)c1
D00222,Nc1nc(O)c2ncn(COCCO)c2n1
D00771,Clc1ccc2OC(=O)Nc2c1
D00070,NC1=NC(=O)c2nc(CNc3ccc(cc3)C(=O)N[C@@H](CCC(=O)O)C(=O)O)cnc2N1
D01704,COc1ccc(cc1OC2CCCC2)[C@@]3(CC[C@@H](CC3)C(=O)O)C#N
D01071,CN1C(=O)NC(=O)C(C)(C2=CCCCC2)C1=O
D03670,CC(=O)N(O)CCCCCNC(=O)CCC(=O)N(O)CCCCCNC(=O)CCC(=O)N(O)CCCCCN
D03077,OC(=O)CN1C(=O)[C@H](CCc2ccccc12)N[C@@H](CCc3ccccc3)C(=O)O
D03758,NCCCC[C@H](N[C@H]1CCc2ccccc2N(CC(=O)O)C1=O)C(=O)O
D03756,Cl.CCOC(=O)[C@H](CCc1ccccc1)N[C@@H](C)C(=O)N2[C@H]3CCCC[C@H]3C[C@H]2C(=O)O
D03753,CCC[C@H](N[C@@H](C)C(=O)N1[C@H]2CCCC[C@H]2C[C@H]1C(=O)O)C(=O)OCC
D03752,CCOC(=O)[C@H](CCc1ccccc1)N[C@@H](C)C(=O)N2Cc3ccccc3C[C@H]2C(=O)O
D03751,OC(=O)\C=C/C(=O)O.O=C1Cc2cc3c(CCC4CCN(Cc5ccccc5)CC4)noc3cc2N1
D02581,COCC1CN(C(=O)O1)c2ccc(OCc3cccc(c3)C#N)cc2
D02580,Cc1onc(c1)C(=O)NNCc2ccccc2
D00317,CC(=O)OCC(CCn1cnc2cnc(N)nc12)COC(=O)C
D00315,CCc1cccc2c3CCOC(CC)(CC(=O)O)c3[nH]c12
D00252,NC(=O)N1c2ccccc2C=Cc3ccccc13
D00251,C[C@H](CS)C(=O)N1CCC[C@H]1C(=O)O
D03829,O.O.O.CCC(CC)[C@H](NC(=O)C)[C@@H]1[C@H](O)[C@H](C[C@H]1NC(=N)N)C(=O)O
D03828,[Na+].[Na+].NC1=Nc2[nH]cc(CCc3ccc(cc3)C(=O)N[C@@H](CCC(=O)[O-])C(=O)[O-])c2C(=O)N1
D03350,Cl.Cl.Fc1ccc(Nc2ncnc3cc(OCCCN4CCOCC4)c(NC(=O)C=C)cc23)cc1Cl
D03823,CN1CC[C@]2(C)[C@H]1N(C)c3ccc(OC(=O)N4CCc5ccccc5C4)cc23
D03822,CCN(C)C(=O)Oc1cccc(c1)[C@H](C)N(C)C
D03826,CNC(=O)Oc1ccc2N(C)[C@H]3N(C)CC[C@@]3(C)c2c1.CNC(=O)Oc4ccc5N(C)[C@H]6N(C)CC[C@@]6(C)c5c4.OS(=O)(=O)O
D03218,CNC(=O)c1ccccc1Sc2ccc3c(\C=C\c4ccccn4)n[nH]c3c2
D04031,CC[C@@]1(O)C(=O)OCC2=C1C=C3N(Cc4cc5c(cccc5nc34)[N+](=O)[O-])C2=O
D03217,COc1ccc(CNc2nc(ncc2C(=O)NCc3ncccn3)N4CCC[C@H]4CO)cc1Cl
D02756,CC[C@@]1(O)C[C@H](OC2CC(C(OC3CC(O)C(OC4CCC(=O)C(C)O4)C(C)O3)C(C)O2)N(C)C)c5c(O)c6C(=O)c7c(O)cccc7C(=O)c6cc5[C@H]1C(=O)OC
D01811,NC(=O)c1ccccc1O
D00656,CN1C(CCl)Nc2cc(Cl)c(cc2S1(=O)=O)S(=O)(=O)N
D00655,CN1N=C(S/C/1=N/C(=O)C)S(=O)(=O)N
D00654,NS(=O)(=O)c1cc2c(NCNS2(=O)=O)cc1C(F)(F)F
D00653,Cl.CCN[C@H]1C[C@H](C)S(=O)(=O)c2sc(cc12)S(=O)(=O)N
D00652,CCN[C@H]1CN(CCCOC)S(=O)(=O)c2sc(cc12)S(=O)(=O)N
D00651,NS(=O)(=O)c1cc2c(cc1Cl)N=C(CSCc3ccccc3)NS2(=O)=O
D00650,NS(=O)(=O)c1cc2c(NC(Cc3ccccc3)NS2(=O)=O)cc1C(F)(F)F
D00227,CN1C(=O)N(C)c2nc[nH]c2C1=O.CN3C(=O)N(C)c4nc[nH]c4C3=O.NCCN
D00224,O=C1NC=Nc2[nH]ncc12
D00225,Cc1nnc2CN=C(c3ccccc3)c4cc(Cl)ccc4n12
D00550,Cc1ncc2CN=C(c3ccccc3F)c4cc(Cl)ccc4n12
D00658,NS(=O)(=O)c1cc2c(NC(NS2(=O)=O)C(Cl)Cl)cc1Cl
D01256,NS(=O)(=O)c1cc2c(NC(NS2(=O)=O)C3CC4CC3C=C4)cc1Cl
D00380,CCCCNC(=O)NS(=O)(=O)c1ccc(C)cc1
D00383,CCOC(=O)[C@H](CCc1ccccc1)N[C@@H](C)C(=O)N2[C@H]3CCCC[C@@H]3C[C@H]2C(=O)O
D00387,Cc1nnc2CN=C(c3ccccc3Cl)c4cc(Cl)ccc4n12
D02321,COc1cc(NS(=O)(=O)C)ccc1Nc2c3ccccc3nc4ccccc24
D02323,COc1ccc2c(cccc2c1C(F)(F)F)C(=S)N(C)CC(=O)O
D02328,OC(=O)CC1=NN(Cc2nc3cc(ccc3s2)C(F)(F)F)C(=O)c4ccccc14
D00032,N[C@@H](Cc1c[nH]cn1)C(=O)O
D00037,OC(=O)CC(O)(CC(=O)O)C(=O)O
D00036,NC(=O)c1cccnc1
D00035,OC(=O)[C@@H]1CCCN1
D00039,CC(C)[C@H](N)C(=O)O
D00038,OC(=O)c1ccccc1
D00810,C[N+](C)(C)CCO.Oc1ccccc1C(=O)[O-]
D00813,NC(CO)(CO)CO.OC(=O)C1CCn2c1ccc2C(=O)c3ccccc3
D00139,COc1c2OC(=O)C=Cc2cc3ccoc13
D00132,CC(C(=O)O)c1cccc(c1)C(=O)c2ccccc2
D00421,CCOC(=O)[C@H](CCc1ccccc1)N[C@@H](C)C(=O)N2[C@H]3CCC[C@H]3C[C@H]2C(=O)O
D00130,OC(=O)c1cc(ccc1O)c2ccc(F)cc2F
D00423,NC(=O)c1ncn(n1)[C@@H]2O[C@H](CO)[C@@H](O)[C@H]2O
D00136,OC1(CCN(CCCC(=O)c2ccc(F)cc2)CC1)c3ccc(Cl)cc3
D00425,COc1ccc2cc(CCC(=O)C)ccc2c1
D03034,OC(=O)CCCCCCCC(=O)O
D00007,N[C@@H](CCC(=O)O)C(=O)O
D00045,Nc1ncnc2c1ncn2[C@@H]3O[C@H](CO)[C@@H](O)[C@H]3O
D00043,CC(C)OP(=O)(F)OC(C)C
D00041,C[C@@H](O)[C@H](N)C(=O)O
D00726,CCN(CC)CCNC(=O)c1cc(Cl)c(N)cc1OC
D00049,OC(=O)c1cccnc1
D03788,CC(C)(C)C(=O)Oc1ccc(cc1)S(=O)(=O)Nc2ccccc2C(=O)NCC(=O)O
D03784,Cl.Clc1cccc(c1)C(c2ccc3[nH]cnc3c2)n4ccnc4
D00964,N#Cc1ccc(cc1)C(c2ccc(cc2)C#N)n3cncn3
D01690,COc1ccc(cc1OC)C(=O)N2CCN(CC2)c3ccc4NC(=O)CCc4c3
D03767,[Ca+2].C[C@H](CSC(=O)c1ccccc1)C(=O)N2C[C@H](C[C@H]2C(=O)[O-])Sc3ccccc3.C[C@H](CSC(=O)c4ccccc4)C(=O)N5C[C@H](C[C@H]5C(=O)[O-])Sc6ccccc6
D03765,Cl.CCOC(=O)[C@H](CCc1ccccc1)N[C@@H](C)C(=O)N2CC3(C[C@H]2C(=O)O)SCCS3
D03763,C[C@H](CSC(=O)C(C)(C)C)C(=O)N(CC(=O)O)C1CCCC1
D03760,CCOC(=O)[C@H](C)C[C@@H](C)C(=O)N1[C@@H](Cc2ccccc12)C(=O)O
D03769,O.O.C[C@H](N[C@@H](CCc1ccccc1)C(=O)O)C(=O)N2CCC[C@H]2C(=O)O
D00188,CC(C)CCC[C@@H](C)[C@H]1CC[C@H]2\C(=C\C=C/3\C[C@@H](O)CCC3=C)\CCC[C@]12C
D00183,CCN1C=C(C(=O)O)C(=O)c2ccc(C)nc12
D00107,O.CO[C@@H]1C[C@@H](CC[C@H]1O)\C=C(/C)\[C@H]2OC(=O)[C@@H]3CCCCN3C(=O)C(=O)[C@]4(O)O[C@H]([C@H](C[C@@H](C)C\C(=C\[C@@H](CC=C)C(=O)C[C@H](O)[C@H]2C)\C)OC)[C@H](C[C@H]4C)OC
D00187,CC(C)[C@@H](C)\C=C\[C@@H](C)[C@H]1CC[C@H]2\C(=C\C=C/3\CC(O)CCC3=C)\CCC[C@]12C
D00186,OC(=O)C1=CN(C2CC2)c3cc(N4CCNCC4)c(F)cc3C1=O
D00185,C[C@]12CC[C@H]3[C@@H](CCc4cc(O)ccc34)[C@@H]1C[C@@H](O)[C@@H]2O
D00184,CCC1NC(=O)C(C(O)C(C)C\C=C\C)N(C)C(=O)C(C(C)C)N(C)C(=O)C(CC(C)C)N(C)C(=O)C(CC(C)C)N(C)C(=O)C(C)NC(=O)C(C)NC(=O)C(CC(C)C)N(C)C(=O)C(NC(=O)C(CC(C)C)N(C)C(=O)CN(C)C1=O)C(C)C
D00131,CCN(CC)C(=S)SSC(=S)N(CC)CC
D01211,[Ca+2].Nc1nc(O)c2N(C=O)C(CNc3ccc(cc3)C(=O)N[C@@H](CCC(=O)[O-])C(=O)[O-])CNc2n1
D00340,NS(=O)(=O)c1cc2c(NCNS2(=O)=O)cc1Cl
D00342,OC[C@H]1O[C@H](C[C@@H]1O)N2C=C(I)C(=O)NC2=O
D03712,CC1(C)OC(=O)C(=C1c2ccc(cc2)S(=O)(=O)C)OCC3CC3
D03710,Cc1ccc(cn1)c2ncc(Cl)cc2c3ccc(cc3)S(=O)(=O)C
D03717,[Na+].CCC(=O)[N-]S(=O)(=O)c1ccc(cc1)c2c(C)onc2c3ccccc3
D03716,CCC(=O)NS(=O)(=O)c1ccc(cc1)c2c(C)onc2c3ccccc3
D01582,COc1ccc2c(c1)c(CC(=O)OCC(=O)O)c(C)n2C(=O)c3ccc(Cl)cc3
D01198,COc1ccc(CNCC(O)COc2ccc3nc(O)ccc3c2)cc1OC
D01196,[Na+].CC(=O)Nc1nnc(s1)S(=O)(=O)[NH-]
D03365,CN1CCC[C@H]1c2cccnc2
D02368,NC1=NC(=O)N(C=C1)[C@@H]2O[C@H](CO)[C@@H](O)C2(F)F
D01840,Cl.O=S(=O)(N1CCCNCC1)c2cccc3cnccc23
D01842,NC(=O)[C@@H]1C[C@]2(NC(=O)NC2=O)c3cc(F)ccc3O1
D01966,O[C@@H](CC[C@@H]1[C@H](N(C1=O)c2ccc(F)cc2)c3ccc(O)cc3)c4ccc(F)cc4
D05407,Nc1nc(O)c2ncn(CCC(CO)CO)c2n1
D00505,NNCCc1ccccc1.OS(=O)(=O)O
D00503,OCCN1CCN(CCCN2c3ccccc3Sc4ccc(Cl)cc24)CC1
D02441,CCOc1ccc2nc(sc2c1)S(=O)(=O)N
D00501,CN1C(=O)N(CCCCC(=O)C)C(=O)c2c1ncn2C
D00463,OC(=O)CCc1oc(c2ccccc2)c(n1)c3ccccc3
D01364,CC1=CC(=O)N(O)C(=C1)C2CCCCC2.NCCO
D01367,C[C@H]1C[C@H]2[C@@H]3CC[C@](O)(C(=O)C)[C@@]3(C)C[C@H](O)[C@]2(F)[C@@]4(C)C=CC(=O)C=C14
D01441,CN1CCN(Cc2ccc(cc2)C(=O)Nc3ccc(C)c(Nc4nccc(n4)c5cccnc5)c3)CC1.CS(=O)(=O)O
D02566,CNCCC[C@@]12CC[C@@H](c3ccccc13)c4ccccc24
D02564,Cl.CN(CC#C)Cc1ccccc1
D02563,COC[C@H]1CN(C(=O)O1)c2ccc(OCC[C@@H](O)C(F)(F)F)cc2
D02562,CS(=O)(=O)O.C#CCN[C@@H]1CCc2ccccc12
D02561,Clc1ccc(cc1)C(=O)NCCN2CCOCC2
D02560,COc1cc(Br)c2oc(cc2c1)C3CCNCC3
D02214,Cl.COc1cccc2C(=O)c3c(O)c4C[C@](O)(C[C@H](O[C@H]5C[C@H](N)[C@@H](O)[C@H](C)O5)c4c(O)c3C(=O)c12)C(=O)CO
D00488,CCc1nc(N)nc(N)c1c2ccc(Cl)cc2
D01981,CCOC(=O)CN[C@H](C1CCCCC1)C(=O)N2CC[C@H]2C(=O)NCc3ccc(cc3)\C(=N/O)\N
D00762,C[C@](N)(Cc1ccc(O)cc1)C(=O)O
D00513,CC(C)NCC(O)COc1cccc2[nH]ccc12
D00160,NCCCCCC(=O)O
D02289,C[C@H]1C[C@H]2[C@@H]3CC[C@H](C(=O)C)[C@@]3(C)C[C@H](O)[C@@H]2[C@@]4(C)CCC(=O)C=C14
D00002,NC(=O)c1ccc[n+](c1)[C@@H]2O[C@H](COP(=O)([O-])OP(=O)(O)OC[C@H]3O[C@H]([C@H](O)[C@@H]3O)n4cnc5c(N)ncnc45)[C@@H](O)[C@H]2O
D00169,O.[Na+].Cc1ccc(Cl)c(Nc2ccccc2C(=O)[O-])c1Cl
D00168,NC1=NC(=O)N(C=C1)[C@@H]2O[C@H](CO)[C@@H](O)[C@@H]2O
D00005,Cc1cc2N=C3C(=O)NC(=O)N=C3N(C[C@H](O)[C@H](O)[C@H](O)COP(=O)(O)OP(=O)(O)OC[C@H]4O[C@H]([C@H](O)[C@@H]4O)n5cnc6c(N)ncnc56)c2cc1C
D01064,CN(Cc1ccc2NC(=NC(=O)c2c1)C)c3ccc(s3)C(=O)N[C@@H](CCC(=O)O)C(=O)O
D01061,O.O.O.Cl.CCc1c2CN3C(=O)C4=C(C=C3c2nc5ccc(OC(=O)N6CCC(CC6)N7CCCCC7)cc15)[C@@](O)(CC)C(=O)OC4
D01688,C\C(=C/c1ccccc1)\C=C\2/SC(=S)N(CC(=O)O)C2=O
D03728,O.NC(=N)N1CCC[C@@H](CNC(=O)C[C@H](NS(=O)(=O)c2ccc3ccccc3c2)C(=O)N(CC(=O)O)C4CC4)C1
D01332,CN1CCC(=C2c3ccccc3CC(=O)c4sccc24)CC1.OC(=O)\C=C\C(=O)O
D03720,CN1C(=O)C=C(c2cccc(Cl)c2)c3cc(ccc13)[C@](N)(c4ccc(Cl)cc4)c5cncn5C
D03689,COc1ccc(cc1F)c2cc(nn2c3ccc(cc3)S(=O)(=O)N)C(F)F
D00300,CN(C)CCOC(c1ccccc1)c2ccccc2
D03816,[Ca+2].CCC(C)(C)C(=O)O[C@H]1C[C@@H](C)C=C2C=C[C@H](C)[C@H](CC[C@@H](O)C[C@@H](O)CC(=O)[O-])[C@@H]12.CCC(C)(C)C(=O)O[C@H]3C[C@@H](C)C=C4C=C[C@H](C)[C@H](CC[C@@H](O)C[C@@H](O)CC(=O)[O-])[C@@H]34
D01397,CCOC(=O)OC(C)OC1=C(N(C)S(=O)(=O)c2ccccc12)C(=O)Nc3ccccn3
D01665,OCC(CO)NC1C[C@](O)(CO)[C@@H](O)[C@H](O)[C@H]1O
D01667,Cl.CCOC(=O)[C@H](CCc1ccccc1)N[C@@H](C)C(=O)N(CC(=O)O)C2Cc3ccccc3C2
D03208,COCCCOc1cc(C[C@@H](C[C@H](N)[C@@H](O)C[C@@H](C(C)C)C(=O)NCC(C)(C)C(=O)N)C(C)C)ccc1OC
D00394,CC(CN(C)C)CN1c2ccccc2CCc3ccccc13
D01097,Cl.NCCNC(=O)c1ccc(Cl)cn1
D01547,CC(C(=O)O)c1ccc2Sc3ccccc3C(=O)Cc2c1
D03433,Cl.CCCC(=O)O[C@H]1CN2CC[C@H](O)[C@@H]2[C@@H](O)[C@@H]1O
D04028,CCCCCCCCCCC[C@@H](C[C@@H]1OC(=O)[C@H]1CCCCCC)OC(=O)[C@H](CC(C)C)NC=O
D00622,[Na+].CCC(=O)O[C@@H](O[P@](=O)(CCCCc1ccccc1)CC(=O)N2C[C@@H](C[C@H]2C(=O)[O-])C3CCCCC3)C(C)C
D01325,CC(C(=O)O)c1ccc(s1)C(=O)c2ccccc2
D00549,CC(C)c1cccc(C(C)C)c1O
D00621,CCOC(=O)[C@H](CCc1ccccc1)N[C@@H](C)C(=O)N2CCC[C@H]2C(=O)O.OC(=O)\C=C/C(=O)O
D00624,CCC[C@H](N[C@@H](C)C(=O)N1[C@H]2CCCC[C@H]2C[C@H]1C(=O)O)C(=O)OCC.CC(C)(C)N
D00625,OCCN1C[C@H](O)[C@@H](O)[C@H](O)[C@H]1CO
D00543,FC(F)OC(F)(F)C(F)Cl
D00234,COc1ccc(CCN2CCC(CC2)Nc3nc4ccccc4n3Cc5ccc(F)cc5)cc1
D00231,NC1=CC(=CNC1=O)c2ccncc2
D00546,FC(F)OC(F)C(F)(F)F
D00545,FC(F)OC(Cl)C(F)(F)F
D00544,COC(F)(F)C(Cl)Cl
D03440,NCCCC[C@H](OP(=O)(O)CCCCc1ccccc1)C(=O)N2CCC[C@H]2C(=O)O
D01718,COc1ccc(cc1)c2noc(CC(=O)O)c2c3ccc(OC)cc3
D01715,CCCCCOc1ccc(cc1OCC)C2SC(=O)NC2=O
D01240,C[C@H]1O[C@H](C[C@H](O)[C@@H]1O[C@H]2C[C@H](O)[C@H](O[C@H]3C[C@H](O)[C@H](O[C@@H]4O[C@H](CO)[C@@H](O)[C@H](O)[C@H]4O)[C@@H](C)O3)[C@@H](C)O2)O[C@H]5CC[C@@]6(C)[C@H](CC[C@@H]7[C@@H]6C[C@@H](O)[C@]8(C)[C@H](CC[C@]78O)C9=CC(=O)OC9)C5
D02315,CCCCCCCC\C=C/CCCCCCCC(=O)O
D00451,CNS(=O)(=O)Cc1ccc2[nH]cc(CCN(C)C)c2c1
D00437,COC(=O)C1=C(C)NC(=C(C1c2ccccc2[N+](=O)[O-])C(=O)OC)C
D00434,CCC(C)(C)C(=O)O[C@H]1C[C@@H](C)C=C2C=C[C@H](C)[C@H](CC[C@@H]3C[C@@H](O)CC(=O)O3)[C@@H]12
D00947,CC(=O)NC[C@H]1CN(C(=O)O1)c2ccc(N3CCOCC3)c(F)c2
D01432,O.O.CC[C@@]1(O)C(=O)OCC2=C1C=C3N(Cc4c3nc5cc(F)c(C)c6CC[C@H](N)c4c56)C2=O.CS(=O)(=O)O
D00283,CN1CCN(CC1)C2=Nc3cc(Cl)ccc3Nc4ccccc24
D00829,O.Cl.NCCCC(N)(C(F)F)C(=O)O
D00538,OS(=N)(=O)Cc1noc2ccccc12
D02418,CNC(=O)Oc1ccc2N(C)[C@H]3N(C)CC[C@@]3(C)c2c1.OC(=O)c4ccccc4O
D00536,NC(=O)OCC(COC(=O)N)c1ccccc1
D00120,C[S+]([O-])c1ccc(\C=C/2\C(=C(CC(=O)O)c3cc(F)ccc23)C)cc1
D00535,NC(CCC(=O)O)C=C
D02008,CN1CC(=O)N2[C@H](Cc3c([nH]c4ccccc34)[C@H]2c5ccc6OCOc6c5)C1=O
D02176,C[N+](C)(C)C[C@H](O)CC(=O)[O-]
D00530,CCN(C(=O)C)c1cccc(c1)c2ccnc3c(cnn23)C#N
D02559,Cc1cccc(c1)N2CC(CO)OC2=O
D00377,Nc1ccc(O)c(c1)C(=O)O
D02308,OC(=O)\C=C\C(=O)O
D00055,OC(=O)C1=CC(=O)NC(=O)N1
D00054,OC[C@H]1O[C@H]([C@H](O)[C@@H]1O)n2cnc3C(=O)NC=Nc23
D00050,Cc1cc2N=C3C(=O)NC(=O)N=C3N(C[C@H](O)[C@H](O)[C@H](O)CO)c2cc1C
D00052,OC(=O)CN(CCN(CC(=O)O)CC(=O)O)CC(=O)O
D00752,COc1c(C)c2COC(=O)c2c(O)c1C\C=C(/C)\CCC(=O)OCCN3CCOCC3
D00753,CO[C@@H]1C[C@H](C[C@@H](C)C2CC(=O)[C@H](C)\C=C(/C)\[C@@H](O)[C@@H](OC)C(=O)[C@H](C)C[C@H](C)\C=C\C=C\C=C(/C)\[C@H](C[C@@H]3CC[C@@H](C)[C@@](O)(O3)C(=O)C(=O)N4CCCC[C@H]4C(=O)O2)OC)CC[C@H]1O
D04092,CCC(N)Cc1c[nH]c2ccccc12.CC(=O)O
D01119,Cl.CCOC(=O)[C@H](CCc1ccccc1)N[C@H]2CS[C@@H](CN(CC(=O)O)C2=O)c3cccs3
D01118,Cl.CCN(CC)C(C)CN1c2ccccc2Sc3ccccc13
D02709,Cc1onc(c2ccccc2)c1c3ccc(cc3)S(=O)(=O)N
D03798,OC1=C(CC2=C(O)c3ccccc3OC2=O)C(=O)Oc4ccccc14
D03775,C[C@H](N[C@@H](CCc1ccccc1)C(=O)O)C(=O)N2CC3(C[C@H]2C(=O)O)SCCS3
D03773,C[C@H](N[C@@H](CCc1ccccc1)C(=O)O)C(=O)N2Cc3ccccc3C[C@H]2C(=O)O
D03772,OC(=O)[C@@H]1C[C@H](CN1C(=O)CP(=O)(O)CCCCc2ccccc2)C3CCCCC3
D00270,CN(C)CCCN1c2ccccc2Sc3ccc(Cl)cc13
D04024,O.Cc1ccc(cc1)S(=O)(=O)O.Cc2ccc(cc2)S(=O)(=O)O.CS(=O)(=O)CCNCc3oc(cc3)c4ccc5ncnc(Nc6ccc(OCc7cccc(F)c7)c(Cl)c6)c5c4
D00274,COC1CN(CCCOc2ccc(F)cc2)CCC1NC(=O)c3cc(Cl)c(N)cc3OC
D00279,CCOC(=O)C(C)(C)Oc1ccc(Cl)cc1
D04029,Cl.CN(C)Cc1nccn1c2ccc(NC(=O)c3cc(nn3c4ccc5onc(N)c5c4)C(F)(F)F)c(F)c2
D02671,CN1CCCCC1CCN2c3ccccc3Sc4ccc(cc24)[S+](C)[O-]
D01549,Cl.CCOC(=O)[C@H](CCc1ccccc1)N[C@@H](C)C(=O)N2[C@@H](CN(C)C2=O)C(=O)O
D00371,CN1C(=O)N(C)c2nc[nH]c2C1=O
D03845,Cl.CC(C)CN[C@H]1CCS(=O)(=O)c2sc(cc12)S(=O)(=O)N
D02173,Br.COc1ccc2CN(C)CC[C@@]34C=C[C@H](O)C[C@@H]3Oc1c24
D02194,[Na+].CC1(C)C[C@@H]1C(=O)N\C(=C/CCCCSC[C@H](N)C(=O)O)\C(=O)[O-]
D02193,[I-].CCOP(=O)(OCC)SCC[N+](C)(C)C
D01973,Br.CN1CCC[C@@H]1Cc2c[nH]c3ccc(CCS(=O)(=O)c4ccccc4)cc23
D00805,COP(=O)(OC)C(O)C(Cl)(Cl)Cl
D01974,Cc1oc(c2ccc(c(F)c2)S(=O)(=O)N)c(n1)C3CCCCC3
D01977,COc1cc2ncnc(Nc3ccc(F)c(Cl)c3)c2cc1OCCCN4CCOCC4
D00086,OC(=O)CCCCC1CCSS1
D00970,[Na+].COc1ccc2cc(ccc2c1)[C@H](C)C(=O)[O-]
D00417,CC1=C(C=C(C#N)C(=O)N1)c2ccncc2
D01475,CC(OC(=O)C)OC(=O)C(C)c1ccc(c(F)c1)c2ccccc2
D02451,Cl.N#Cc1ccc(cc1)C2CCCc3cncn23
D00577,CC\C(=C(\CC)/c1ccc(O)cc1)\c2ccc(O)cc2
D00574,CCC1(CCC(=O)NC1=O)c2ccc(N)cc2
D00579,[Na+].[Na+].[Na+].[O-]C(=O)P(=O)([O-])[O-]
D00475,CCCN(CCC)S(=O)(=O)c1ccc(cc1)C(=O)O
D00142,CN(Cc1cnc2nc(N)nc(N)c2n1)c3ccc(cc3)C(=O)N[C@@H](CCC(=O)O)C(=O)O
D01276,COC(=O)N[C@H](C(=O)N[C@@H](Cc1ccccc1)[C@@H](O)CN(Cc2ccc(cc2)c3ccccn3)NC(=O)[C@@H](NC(=O)OC)C(C)(C)C)C(C)(C)C.OS(=O)(=O)O
D01275,Cl.COc1cccc2C(=O)c3c(O)c4C[C@](O)(C[C@H](O[C@H]5C[C@H](N)[C@H](O)[C@H](C)O5)c4c(O)c3C(=O)c12)C(=O)CO
D00903,[K+].[O-]C(=O)Cc1ccccc1Nc2c(Cl)cccc2Cl
D00902,CC(=O)NC1[C@@H](NC(=N)N)C=C(O[C@H]1[C@H](O)C(O)CO)C(=O)O
D00900,CCOC(=O)C1=C[C@@H](OC(CC)CC)[C@H](NC(=O)C)[C@@H](N)C1.OP(=O)(O)O
D00670,Cl.COc1cc2CC(CC3CCN(Cc4ccccc4)CC3)C(=O)c2cc1OC
D00904,[Na+].[O-]C(=O)Cc1ccccc1Nc2c(Cl)cccc2Cl
D00494,CC(CN1c2ccccc2Sc3ccccc13)N(C)C
D00496,CC(C)(S)[C@@H](N)C(=O)O
D02229,CCCc1nn(C)c2C(=O)NC(=Nc12)c3cc(ccc3OCC)S(=O)(=O)N4CCN(C)CC4.OC(=O)CC(O)(CC(=O)O)C(=O)O
D00889,[Na+].COCc1c(nc(C(C)C)c(\C=C\[C@@H](O)C[C@@H](O)CC(=O)[O-])c1c2ccc(F)cc2)C(C)C
D00882,O[N+](=O)[O-].Clc1ccc(COC(Cn2ccnc2)c3ccc(Cl)cc3Cl)c(Cl)c1
D03741,CC[C@H](C)[C@H](NC(=O)[C@@H](C[C@H](O)[C@H](CC(C)C)NC(=O)[C@H](Cc1c[nH]cn1)N(C)C(=O)[C@H](Cc2ccccc2)NC(=O)[C@@H]3CCCN3C(=O)OC(C)(C)C)C(C)C)C(=O)NCc4ccccn4
D00887,[Ca+2].CC(C)c1c(C(=O)Nc2ccccc2)c(c3ccccc3)c(c4ccc(F)cc4)n1CC[C@@H](O)C[C@@H](O)CC(=O)[O-].CC(C)c5c(C(=O)Nc6ccccc6)c(c7ccccc7)c(c8ccc(F)cc8)n5CC[C@@H](O)C[C@@H](O)CC(=O)[O-]
D00885,O[N+](=O)[O-].Clc1ccc(CO\N=C(/Cn2ccnc2)\c3ccc(Cl)cc3Cl)c(Cl)c1
D02355,Cc1ccc(cc1)C(=O)c2ccc(CC(=O)O)n2C
D02356,COc1ccc(CCN(C)CCCC(C#N)(C(C)C)c2ccc(OC)c(OC)c2)cc1OC
D00153,C[C@]12CCC3[C@@H](CCC4=CC(=O)C=C[C@]34C)C1CCC(=O)O2
D02350,CC(C(=O)O)c1cccc(Oc2ccccc2)c1
D00155,OC[C@H]1O[C@H](C[C@@H]1O)n2cnc3[C@H](O)CNC=Nc23
D00158,O.O.[Na+].Cc1ccc(cc1)C(=O)c2ccc(CC(=O)[O-])n2C
D00014,NC(CCC(=O)N[C@@H](CS)C(=O)NCC(=O)O)C(=O)O
D00401,CN1C=CNC1=S
D03899,COc1cccc2C(=O)c3c(O)c4C[C@](O)(C[C@H](O[C@H]5C[C@H](N)[C@H](O)[C@H](C)O5)c4c(O)c3C(=O)c12)C(=O)CO
D04197,OC[C@H]1O[C@H](C[C@@H]1O)N2C=C(F)C(=O)NC2=O
D02835,[Na+].[O-]C(=O)CN1C(=O)c2cccc3cccc(C1=O)c23
D05341,CCCCCCCCCCCCCCCC(=O)O
D00521,CC(C)(C)c1ccc(cc1)C(O)CCCN2CCC(CC2)C(O)(c3ccccc3)c4ccccc4
D00018,OC[C@H](O)[C@H]1OC(=O)C(=C1O)O
D00703,NC(=O)OC1(CCCCC1)C#C
D00709,CC[C@H](N1CCCC1=O)C(=O)N
D03738,COc1ccc(C[C@H](NC(=O)CC(C)(C)N)C(=O)N[C@@H](Cc2c[nH]cn2)C(=O)N[C@@H](CC3CCCCC3)[C@@H](O)[C@@H](O)CC(C)C)cc1
D03731,C[C@H](Cc1ccccc1)N(C)CC#C
D03733,Cl.NC\C(=C\F)\CCc1ccc(F)cc1
D03735,CCCCCCCN(CCCCCSc1nc(c2ccccc2)c([nH]1)c3ccccc3)C(=O)Nc4ccc(F)cc4F
D03734,CCCCCCN(Cc1ccc(CC(C)(C)C)cc1)C(=C2C(=O)OC(C)(C)OC2=O)Nc3cc(c(O)c(c3)C(C)(C)C)C(C)(C)C
D03736,Cc1ccc(cc1)n2nc(cc2NC(=O)Nc3ccc(OCCN4CCOCC4)c5ccccc35)C(C)(C)C
D03807,OC(=O)CN1C(=O)N(Cc2ccc(Br)cc2F)C(=O)c3ccc(Cl)cc13
D03806,OC(=O)CC1=NN(Cc2ccc(Br)cc2F)C(=O)c3ccccc13
D03805,Fc1ccc2C(=O)N(Cc3ccc(Br)cc3F)C(=O)C4(CC(=O)NC4=O)c2c1
D00330,CC(C(=O)O)c1ccc(c(F)c1)c2ccccc2
D00332,NCC1(CC(=O)O)CCCCC1
D00333,Nc1nc(O)c2ncn(COC(CO)CO)c2n1
D02731,Cl.Cl.CCCc1nc(C)c2C(=O)N=C(Nn12)c3cc(ccc3OCC)S(=O)(=O)N4CCN(CC)CC4
D02880,Cl.CN1CC[C@@H]([C@H](O)C1)c2c(O)cc(O)c3C(=O)C=C(Oc23)c4ccccc4Cl
D01122,CC(C)Cc1ccc(cc1)C(C)C(=O)OCc2ccccn2
D06238,COc1cc(NCc2ccc3nc(N)nc(N)c3c2C)cc(OC)c1OC
D03601,CC1CC(CC(C)(C)C1)OC(=O)[C@@H]2CCC(=O)N2
D00623,Cl.CCOC(=O)[C@H](CCc1ccccc1)N[C@@H](C)C(=O)N2Cc3cc(OC)c(OC)cc3C[C@H]2C(=O)O
D00620,Cl.CCOC(=O)[C@H](CCc1ccccc1)N[C@H]2CCc3ccccc3N(CC(=O)O)C2=O
D00208,CO[C@]12[C@H]3N[C@H]3CN1C4=C([C@H]2COC(=O)N)C(=O)C(=C(C)C4=O)N
D00630,O[C@H]1CO[C@@H]2[C@@H](CO[C@H]12)O[N+](=O)[O-]
D01885,COc1cccc2C(=O)c3c(O)c4C[C@](O)(C[C@H](O[C@H]5C[C@H](N)[C@H](O[C@H]6CCCCO6)[C@H](C)O5)c4c(O)c3C(=O)c12)C(=O)CO
D01888,Cl.CC(CCc1ccc2OCOc2c1)NN
D00203,C[C@@H]1OC(=O)C[C@H](O)C[C@H](O)CC[C@@H](O)[C@H](O)C[C@H](O)C[C@]2(O)C[C@H](O)[C@H]([C@H](C[C@@H](O[C@@H]3O[C@H](C)[C@@H](O)[C@H](N)[C@@H]3O)\C=C\C=C\C=C\C=C\C=C\C=C\C=C\[C@H](C)[C@@H](O)[C@H]1C)O2)C(=O)O
D00151,Cc1cccc(Nc2ccccc2C(=O)O)c1C
D00542,FC(F)(F)C(Cl)Br
D01370,Nc1nc(Cl)nc2c1ncn2[C@H]3C[C@H](O)[C@@H](CO)O3
D01900,C[C@H](CSC(=O)C)C(=O)N1CCC[C@H]1C(=O)N[C@@H](Cc2ccccc2)C(=O)O
D00593,CCC1=C(C)CN(C(=O)NCCc2ccc(cc2)S(=O)(=O)NC(=O)N[C@@H]3CC[C@@H](C)CC3)C1=O
D00596,CN(CCOc1ccc(CC2SC(=O)NC2=O)cc1)c3ccccn3.OC(=O)\C=C/C(=O)O
D01907,Nc1nc(F)nc2c1ncn2[C@@H]3O[C@H](COP(=O)(O)O)[C@@H](O)[C@@H]3O
D00547,FCOC(C(F)(F)F)C(F)(F)F
D02304,NCCCC[C@H](N)C(=O)O
D02068,Cl.Nc1c2CCCCc2nc3ccccc13
D02487,Cl.CC(C)NC(=N)NC(=N)Nc1ccc(Cl)cc1
D04966,CN(C)C(=N)NC(=N)N
D00448,OC(=O)c1cc(ccc1O)N=Nc2ccc(cc2)S(=O)(=O)Nc3ccccn3
D00449,[O-][S+](CCC1C(=O)N(N(C1=O)c2ccccc2)c3ccccc3)c4ccccc4
D00118,COc1ccc2cc(ccc2c1)[C@H](C)C(=O)O
D02017,CN1C(=O)N(C)c2nc[n-]c2C1=O.C[N+](C)(C)CCO
D00528,CN1C(=O)N(C)c2ncn(C)c2C1=O
D00298,C[C@H]1O[C@H](C[C@H](O)[C@@H]1O)O[C@H]2[C@@H](O)C[C@H](O[C@H]3[C@@H](O)C[C@H](O[C@H]4CC[C@@]5(C)[C@H](CC[C@@H]6[C@@H]5C[C@@H](O)[C@]7(C)[C@H](CC[C@]67O)C8=CC(=O)OC8)C4)O[C@@H]3C)O[C@@H]2C
D01425,CC(C)[C@H](N1CCCNC1=O)C(=O)N[C@H](C[C@H](O)[C@H](Cc2ccccc2)NC(=O)COc3c(C)cccc3C)Cc4ccccc4
D00294,CC1=NS(=O)(=O)c2cc(Cl)ccc2N1
D00293,CN1C(=O)CN=C(c2ccccc2)c3cc(Cl)ccc13
D01862,[Ca+2].O[C@H](C[C@H](O)\C=C\c1c(nc2ccccc2c1c3ccc(F)cc3)C4CC4)CC(=O)[O-].O[C@H](C[C@H](O)\C=C\c5c(nc6ccccc6c5c7ccc(F)cc7)C8CC8)CC(=O)[O-]
D01747,Cl.C[C@@H]1O[C@H](C[C@H](N)[C@@H]1O)O[C@H]2C[C@@](O)(Cc3c(O)c4C(=O)c5ccccc5C(=O)c4c(O)c23)C(=O)C
D03012,CC(C)c1cc(C(C)C)c(CC(=O)NS(=O)(=O)Oc2c(cccc2C(C)C)C(C)C)c(c1)C(C)C
D00749,Cc1oncc1C(=O)Nc2ccc(cc2)C(F)(F)F
D00065,CC[C@H](C)[C@H](N)C(=O)O
D01164,Clc1cccc(N2CCN(CCCCOc3ccc4CCC(=O)Nc4c3)CC2)c1Cl
D01513,CC(C(=O)O)c1ccc(NCC(=C)C)cc1
D02698,COc1cc(cc(OC)c1O)[C@H]2[C@@H]3[C@H](COC3=O)[C@H](O[C@@H]4O[C@@H]5CO[C@H](O[C@H]5[C@H](O)[C@H]4O)c6cccs6)c7cc8OCOc8cc27
D03743,CSC[C@H](NC(=O)[C@H](Cc1ccccc1)NC(=O)N2CCOCC2)C(=O)N[C@@H](CC3CCCCC3)[C@@H](O)C(=O)OC(C)C
D03745,Cl.CC(C)C[C@H](O)[C@H](O)[C@H](CC1CCCCC1)NC(=O)[C@H](Cc2cscn2)NC(=O)[C@H](Cc3ccccc3)CS(=O)(=O)N4CCN(C)CC4
D03714,Cc1ccc(Nc2c(F)cccc2Cl)c(CC(=O)O)c1
D00364,CCOC(=O)N1CCC(=C2c3ccc(Cl)cc3CCc4cccnc24)CC1
D00362,O.O.NCCCC[C@H](N[C@@H](CCc1ccccc1)C(=O)O)C(=O)N2CCC[C@H]2C(=O)O
D00369,N[C@@H](Cc1ccc(cc1)N(CCCl)CCCl)C(=O)O
D02168,Cl.CC[C@@]1(O)C(=O)OCC2=C1C=C3N(Cc4cc5c(CN(C)C)c(O)ccc5nc34)C2=O
D01767,CN1C(=C(O)c2sccc2S1(=O)=O)C(=O)Nc3ccccn3
D02166,Cl.Cl.OCCNCCNc1ccc(NCCNCCO)c2C(=O)c3c(O)ccc(O)c3C(=O)c12
D02769,Nc1ncnc2c1ncn2[C@@H]3O[C@H](COP(=O)(O)O)[C@@H](O)[C@H]3O
D01565,COc1ccc2c(c1)c(CC(=O)OC\C=C(/C)\CC\C=C(/C)\CCC=C(C)C)c(C)n2C(=O)c3ccc(Cl)cc3
D00969,CN1C(=C(O)c2ccccc2S1(=O)=O)C(=O)Nc3ncc(C)s3
D00968,O.O.[Ca+2].CC(C(=O)[O-])c1cccc(Oc2ccccc2)c1.CC(C(=O)[O-])c3cccc(Oc4ccccc4)c3
D01844,[Na+].[Na+].[Na+].[Na+].[Na+].[Na+].[Na+].[Na+].[Na+].[Na+].CO[C@H]1O[C@H](COS(=O)(=O)[O-])[C@@H](O[C@@H]2O[C@H]([C@@H](O[C@H]3O[C@H](COS(=O)(=O)[O-])[C@@H](O[C@@H]4O[C@@H]([C@@H](O[C@H]5O[C@H](COS(=O)(=O)[O-])[C@@H](O)[C@H](O)[C@H]5NS(=O)(=O)[O-])[C@H](O)[C@H]4O)C(=O)[O-])[C@H](OS(=O)(=O)[O-])[C@H]3NS(=O)(=O)[O-])[C@H](O)[C@H]2OS(=O)(=O)[O-])C(=O)[O-])[C@H](O)[C@H]1NS(=O)(=O)[O-]
D00965,CC1(C)NC(=O)N(C1=O)c2ccc(c(c2)C(F)(F)F)[N+](=O)[O-]
D01866,CN1C(=C(O)c2sc(Cl)cc2S1(=O)=O)C(=O)Nc3ccccn3
D00960,CC(C)(C#N)c1cc(Cn2cncn2)cc(c1)C(C)(C)C#N
D00963,C[C@]12CC[C@H]3[C@@H](CC(=C)C4=CC(=O)C=C[C@]34C)[C@@H]1CCC2=O
D00094,C\C(=C/C=C/C(=C/C(=O)O)/C)\C=C\C1=C(C)CCCC1(C)C
D00097,OC(=O)c1ccccc1O
D00560,Fc1ccc(cc1)C(CCCN2CCC(CC2)N3C(=O)Nc4ccccc34)c5ccc(F)cc5
D00563,CN1CCN2C(C1)c3ccccc3Cc4cccnc24
D00562,CCCC1=CC(=O)NC(=S)N1
D00567,Cc1ccc(cc1)c2cc(nn2c3ccc(cc3)S(=O)(=O)N)C(F)(F)F
D00566,[Na+].Oc1ccccc1C(=O)[O-]
D00569,CCOc1ccc(NC(=O)C)cc1
D00568,CS(=O)(=O)c1ccc(cc1)C2=C(C(=O)OC2)c3ccccc3
D01264,Cl.COc1cccc2C(=O)c3c(O)c4C[C@](O)(C[C@H](O[C@H]5C[C@H](N)[C@H](O)[C@H](C)O5)c4c(O)c3C(=O)c12)C(=O)C
D00398,Cl.CC(C)[C@H](N)C(=O)OCCOCn1cnc2C(=O)N=C(N)Nc12
D00391,OC[C@H]1O[C@H](C[C@@H]1O)N2C=C(C(=O)NC2=O)C(F)(F)F
D02110,O.O.O.[Na+].COc1ccc2c(c1)c(CC(=O)[O-])c(C)n2C(=O)c3ccc(Cl)cc3
D01578,CC(C(=O)O)c1ccc2Oc3ncccc3Cc2c1
D02335,CC1=CC(=O)c2ccccc2C1=O
D02556,C[C@@H](c1nc(cs1)c2ccc(cc2)C#N)[C@](O)(Cn3cncn3)c4ccc(F)cc4F
D04983,CSCCC(N)C(=O)O
D05458,CC(C)(N)Cc1ccccc1
D00893,[Na+].CC[C@H](C)C(=O)O[C@H]1C[C@H](O)C=C2C=C[C@H](C)[C@H](CC[C@@H](O)C[C@@H](O)CC(=O)[O-])[C@@H]12
D00892,[Na+].CC(C)n1c(\C=C\[C@H](O)C[C@H](O)CC(=O)[O-])c(c2ccc(F)cc2)c3ccccc13
D00027,O=C1NC=CC(=O)N1
D00021,N[C@@H](Cc1ccccc1)C(=O)O
D00785,Cl.C[C@H](Cc1ccccc1)N(C)CC#C
D00786,Cc1ccc(cc1)C(=O)c2cc(O)c(O)c(c2)[N+](=O)[O-]
D00781,CCN(CC)C(=O)\C(=C\c1cc(O)c(O)c(c1)[N+](=O)[O-])\C#N
D00029,OC(=O)CCCC[C@@H]1SC[C@@H]2NC(=O)N[C@H]12
D02290,O.O.[Na+].CC(C(=O)[O-])c1ccc(c(F)c1)c2ccccc2
D02342,CC(C)NCC(O)COc1ccc(COCCOC(C)C)cc1
D02341,Cc1ccc(Cl)c(Nc2ccccc2C(=O)O)c1Cl
D00418,Nc1cc(nc(N)[n+]1[O-])N2CCCCC2
D00148,CC(C)CCCC(C)CCCC(C)CCC\C(=C\CC1=C(C)C(=O)c2ccccc2C1=O)\C
D00414,CC(N(O)C(=O)N)c1cc2ccccc2s1
D00145,COc1cc(Cc2cnc(N)nc2N)cc(OC)c1OC
D00416,Clc1ccc(COC(Cn2ccnc2)c3ccc(Cl)cc3Cl)c(Cl)c1
D00410,CC(C)(C(=O)c1cccnc1)c2cccnc2
D00141,COc1ccc2c(c1)c(CC(=O)O)c(C)n2C(=O)c3ccc(Cl)cc3
D03882,CC1=C(C)C(=O)C(=C(C)C1=O)CCCCC#CCCCC#CCO
D01001,[Cl-].[Cl-].CC[N+](CC)(CCNC(=O)C(=O)NCC[N+](CC)(CC)Cc1ccccc1Cl)Cc2ccccc2Cl
D05353,COc1ccnc(C[S+]([O-])c2nc3cc(OC(F)F)ccc3[nH]2)c1OC
D00129,C[C@H](CCCC(C)(C)O)C1CC[C@H]2\C(=C\C=C/3\C[C@@H](O)C[C@H](O)C3=C)\CCC[C@]12C
D00733,CCCCOc1cc(C(=O)NCCN(CC)CC)c2ccccc2n1
D04292,COc1ccc2CN(C)CC[C@@]34C=CC(O)CC3Oc1c24
D00285,COc1cc(Cc2cnc(N)nc2N)cc(OC)c1OC.Cc3onc(NS(=O)(=O)c4ccc(N)cc4)c3
D00328,CC1(C)O[C@@H]2C[C@H]3[C@@H]4C[C@H](F)C5=CC(=O)CC[C@]5(C)[C@H]4[C@@H](O)C[C@]3(C)[C@@]2(O1)C(=O)CO
D00537,CC1(C)O[C@@H]2CO[C@@]3(COS(=O)(=O)N)OC(C)(C)O[C@H]3[C@@H]2O1
D00322,OC(Cn1cncn1)(Cn2cncn2)c3ccc(F)cc3F
D00325,CC(=O)OCC(=O)[C@@]12OC(C)(C)O[C@@H]1C[C@H]3[C@@H]4C[C@H](F)C5=CC(=O)C=C[C@]5(C)[C@@]4(F)[C@@H](O)C[C@]23C
D00827,O.O.O.O.[Mg+2].Oc1ccccc1C(=O)[O-].Oc2ccccc2C(=O)[O-]
D02729,Cl.COc1ccc(cc1OC)C(=O)NCc2ccc(OCCN(C)C)cc2
D00125,COc1cc(cc(OC)c1O)[C@H]2[C@@H]3C(COC3=O)C(OC4OC5COC(C)OC5C(O)C4O)c6cc7OCOc7cc26
D01136,NC[C@@H]1CC[C@H](CC1)C(=O)O
D01133,COc1ccc(cc1)c2nc3cc(ccc3[nH]2)C4=NNC(=O)CC4C
D00533,NC(=O)N1c2ccccc2CC(=O)c3ccccc13
D00127,CN1C(=C(O)c2ccccc2S1(=O)=O)C(=O)Nc3ccccn3
D00126,CC(C)Cc1ccc(cc1)C(C)C(=O)O
